title;description
Task 01;Task description 01
Task 02;Task description 02
Task 03;Task description 03
Task 04;Task description 04
Task 05;Task description 05
Task 06;Task description 06
Task 07;Task description 07
Task 08;Task description 08
Task 09;Task description 09
Task 10;Task description 10
Task 11;Task description 11
Task 12;Task description 12
Task 13;Task description 13
Task 14;Task description 14
Task 15;Task description 15
Task 16;Task description 16
Task 17;Task description 17
Task 18;Task description 18
Task 19;Task description 19
Task 20;Task description 20
Task 21;Task description 21
Task 22;Task description 22
Task 23;Task description 23
Task 24;Task description 24
Task 25;Task description 25
Task 26;Task description 26
Task 27;Task description 27
Task 28;Task description 28
Task 29;Task description 29
Task 30;Task description 30
Task 31;Task description 31
Task 32;Task description 32
Task 33;Task description 33
Task 34;Task description 34
Task 35;Task description 35
Task 36;Task description 36
Task 37;Task description 37
Task 38;Task description 38
Task 39;Task description 39
Task 40;Task description 40
